driverId,name,ssn,location,certified,wage-plan
10,Tiffany Dixon,107-35-1514,"5892 Simon Estates Suite 465
Michellehaven, AZ 10845",Y,miles
11,Jermaine Walter,127-16-0507,"148 Patrick Rue Apt. 277
South Huntershire, IL 91428",N,hours
12,Jeremy Parker,231-28-7637,"USNV Snow
FPO AE 03306",Y,hours
13,Ashley Ellison,131-47-4946,"USNS Miller
FPO AA 24511",N,miles
14,Amanda Campbell,442-87-6909,"72483 Gomez Turnpike Apt. 249
Shanebury, RI 98264",Y,hours
15,Tiffany Barnes,511-79-9444,"42619 Stacy Isle
Lake Robert, NE 79122",N,miles
16,Mr. Walter Johnson DDS,163-38-8834,"Unit 8483 Box 4303
DPO AP 92789",Y,hours
17,David Barnett,588-81-7972,"872 Molina Trail
North Maryburgh, FM 37261",N,hours
18,Julie Ward,091-96-0327,"960 Hoover Port
Feliciafurt, IA 35301",Y,miles
19,Suzanne Park,623-58-5273,"Unit 4389 Box 8073
DPO AE 80866",Y,hours
20,Michelle Turner,251-87-4292,"3339 Allen Track Apt. 510
Thomasfort, NY 66840",Y,hours
21,Shawn Carter,537-36-7074,"47810 Debbie Glens Apt. 483
North Charles, AL 13768",N,miles
22,Mark Ingram,084-85-6933,"6176 Johnson Rapids Suite 503
West Brian, HI 15996",Y,hours
23,Daniel Ramirez,417-75-6135,"4563 Duncan Roads Apt. 006
South Gregoryburgh, AZ 45983",N,hours
24,Phyllis Allen,298-20-5797,"USCGC Matthews
FPO AE 40037",N,hours
25,Lisa Lang,121-40-1475,"87585 Katherine Walk Apt. 035
Pearsonland, VI 37901",Y,hours
26,Donald Henry,441-19-3150,"7226 Chelsea Glen Apt. 511
Amandamouth, PR 14153",Y,miles
27,Stephen Lynch,500-35-6922,"11306 Foley Hill
Lopezburgh, MA 72045",Y,hours
28,Allison Foster,085-11-7742,"73187 Mata Forges
Lake Martha, OK 40698",N,hours
29,Gregory Guzman,151-12-2046,"7624 Mack Estate
South Robert, IA 65053",Y,hours
30,Kenneth Anderson,720-52-1853,"39946 Gonzalez Views
Ashleyside, WI 16725",N,hours
31,James Anderson,334-71-5262,"USCGC Hernandez
FPO AE 56850",Y,miles
32,Whitney Page,085-84-0706,"4004 Elizabeth Port Suite 404
South Victoriaview, OK 43137",Y,hours
33,Jill Cook,133-98-4878,"6913 Jones Drive
Richardview, HI 69883",N,hours
34,Jesse Thomas,051-32-9079,"317 Kimberly Mission Apt. 548
Kennedyview, MS 82887",Y,hours
35,Frank Valencia,622-79-0730,"44763 Bradford Expressway Suite 541
Mitchellville, NE 69944",N,miles
36,Michael Thompson,537-70-5290,"72360 Burns Walk Apt. 596
North Susan, PR 07690",N,miles
37,Mrs. Andrea Smith,126-31-3416,"33871 Alexander Road
Port Lawrenceville, CO 53419",Y,miles
38,Gregory Lynch,625-39-4951,"68080 Small Curve
West Jeffreyton, ID 92303",N,miles
39,Daniel Garner,864-24-0298,"966 Zachary Points Suite 536
North Brad, NM 86859",Y,hours
40,Brent Lee,682-45-7472,"0168 Rose Islands Apt. 583
Ravenfurt, KS 80471",N,hours
41,Gabriel Rogers,654-77-5225,"2481 Martin Burgs Suite 550
New Martinview, WY 42594",Y,hours
42,Monica Mullins,479-34-8212,"62989 Connie Forest
Port Russell, AZ 74362",N,miles
43,Felicia Clark,864-10-5101,"879 Stacey Circles
Brandistad, OR 43557",Y,hours
44,Diana Harris,878-37-2908,"030 Ritter Lodge Suite 154
Davidborough, IL 03519",N,miles
45,Jacob Boyd,534-16-6238,"PSC 4166, Box 6930
APO AE 51354",Y,miles
46,Miranda Chavez,484-56-7525,"339 Conner Isle Apt. 199
Palmerville, SC 59238",N,miles
47,Sharon Rowe,080-42-1362,"PSC 5680, Box 1050
APO AE 94177",N,miles
48,Melissa Estrada,432-03-5337,"Unit 6103 Box 6213
DPO AE 55857",N,miles
49,Miss Debbie Reed,569-53-5283,"63669 Meadows Union Apt. 813
Port Mariaton, KS 07849",Y,hours
50,James Pierce,552-07-4349,"7886 Nguyen Parkways Suite 602
West Ericfurt, MP 65586",N,miles
51,Roger Owen,238-66-6734,"68662 Roman Lodge
Markshire, AL 36212",Y,miles
52,Felicia Smith,374-23-8779,"99877 Maria Station Suite 815
Lake Sandraville, UT 64647",Y,miles
53,Mitchell Curtis,160-99-8103,"Unit 5324 Box 5121
DPO AP 70850",N,hours
54,Donald Figueroa,323-24-6673,"47053 Dominic Expressway Apt. 472
Ayerschester, ID 65021",Y,miles
55,Megan Bryan,089-55-1750,"27268 White Road Suite 746
South Kelly, NE 25335",Y,hours
56,Mary Wolfe,613-08-5753,"Unit 8478 Box 4920
DPO AE 58806",Y,hours
57,Adam Reid,713-19-0554,"78121 Lee Creek Suite 686
Lake Tiffanyshire, KY 66057",N,miles
58,Melissa Murray,762-97-4854,"0686 Ashley Ford
West Jamiefort, TN 49697",Y,hours
59,Michael Patton,066-29-2438,"1796 Hernandez Path
Nguyenhaven, MN 16345",N,miles
60,Erica Garcia,445-25-2746,"1528 Fernandez Spur
Brendaborough, SC 21587",Y,hours
61,Nicole Navarro,312-52-2547,"636 Monroe Haven Apt. 685
North Steven, IN 63900",N,hours
62,Emily Wilcox,246-63-3183,"741 Daniel Vista
Port Barbara, IA 39051",N,hours
63,Andrew Reyes,680-06-7128,"817 Alison Islands Suite 533
New Randy, NV 71731",N,miles
64,Amy Villarreal,550-90-6472,"458 Shannon Gardens
Danielleville, UT 70252",N,hours
65,Ryan Moody,522-56-6937,"8560 Welch Spring
Waltersfort, NY 66800",Y,miles
66,Richard Gallagher,487-13-9633,"0120 Pamela Hill
Lloydville, NE 43847",N,hours
67,Matthew Ellis,469-11-0058,"82671 Owens Gateway Suite 412
Janetshire, PW 61381",Y,miles
68,Natasha Williams,056-72-7532,"29051 Cathy Tunnel
North Edwinberg, UT 75571",Y,hours
69,Geoffrey Soto,423-93-0789,"586 Joseph Island Suite 089
East Laurie, DE 50292",N,hours
70,Jessica Robinson,281-79-9617,"37456 Lee Meadow
New Diana, CA 29367",Y,hours
71,Megan Maldonado,151-14-4747,"7250 Tran Cape Apt. 361
New Lisaside, VA 83920",Y,hours
72,Henry Lopez,136-49-6194,"252 Howell Shore Apt. 633
Scottfort, MS 48513",Y,miles
73,Jessica King,526-23-7896,"6827 Malone Pike
Brendachester, VT 67065",N,miles
74,James Young,764-20-9870,"1654 Hart Ville
Bennettborough, FL 01484",N,miles
75,Sergio Greene,875-28-8790,"PSC 0714, Box 3542
APO AA 12683",N,miles
76,Kayla Daugherty,399-34-3132,"01629 Sarah Lake
Port Laurafurt, DC 87584",Y,miles
77,Laurie Mann,572-39-0455,"Unit 3071 Box 0984
DPO AP 47660",N,miles
78,Morgan Williams,062-79-1594,"31208 Justin Plains
Lake Mariamouth, AR 60262",N,miles
79,Anthony Gonzalez,879-85-6905,"5552 Wallace Point Apt. 923
East Katie, WY 21390",Y,hours
80,Patty Stark,639-52-1209,"5484 Christine Drive
Waynemouth, MI 87173",Y,miles
81,Dr. Michael Richard,576-41-9835,"7874 Michael Underpass Apt. 183
Sherryberg, AS 51100",N,miles
82,Cory Dixon,349-59-6549,"13633 Chad Meadows
Hunterfurt, NC 94320",Y,hours
83,Anthony Hernandez,597-31-0308,"2085 Derrick Radial
Robinsonbury, WV 02099",Y,miles
84,Jessica Sims,295-58-4152,"43792 Wright Summit Apt. 368
East Angela, GU 70607",N,hours
85,Briana Pugh,173-24-7438,"68400 Austin Land Apt. 275
Davidborough, WV 27462",N,hours
86,Mitchell Schultz,294-66-5579,"00561 Willie Spur
Valenciabury, WI 30136",N,miles
87,Kevin Armstrong,639-13-9831,"43732 Gates Mountain
East Emily, NE 74382",N,hours
88,Kathryn Sweeney,048-89-7480,"236 Christian Courts
South Kevinborough, TX 50313",Y,hours
89,Ashley Smith,231-99-8315,"3566 Brown Glen Suite 829
Port Connorborough, MI 42403",N,miles
90,Tim Cuevas,860-63-1141,"129 George Stravenue Suite 103
Lewisshire, WI 12741",N,miles
91,Carrie Jones MD,232-39-0487,"7668 Lawrence Spurs
New Angela, VT 45263",Y,miles
92,Juan Hart,710-85-3934,"99227 Shannon Forks Apt. 491
Natalieview, GU 88983",N,miles
93,Andrew Sanchez,094-74-5881,"016 Tammy Mews Apt. 054
Callahanfort, NM 46407",N,hours
94,Edward Howell,285-65-7483,"162 Anthony River Suite 147
South Desireemouth, CO 16282",Y,hours
95,Teresa Hudson,889-34-4102,"USNS Hamilton
FPO AP 04521",N,miles
96,Derrick Johnson,074-11-0761,"81584 David Field
East Benjaminfort, AZ 37920",N,miles
97,Raymond Carpenter,815-93-8310,"074 Bender Ville Suite 677
Port Karenshire, FL 64596",Y,hours
98,Andrew Turner,710-05-3460,"08257 Scott Club Suite 186
North Coreyport, NM 72724",N,miles
99,Mary Marsh,141-31-0682,"6380 Jennifer Isle Apt. 778
East Barbara, KS 76673",Y,hours
100,Gail Ashley,175-99-1513,"932 John Extensions
Valenciatown, VI 80355",Y,hours
101,Elizabeth Sweeney,629-70-4434,"704 Kelley Green
New Matthewtown, TX 51632",Y,hours
102,Gail Walker,132-15-2332,"15925 Jim Valleys
South Brittney, FM 07057",N,miles
103,Kathleen Robinson,297-28-3079,"303 Carrie Groves Suite 813
East Melissa, UT 97306",N,miles
104,Leon Lopez,554-21-0544,"545 Anna Estate
Katherinebury, OR 98551",N,miles
105,Maria Brady,377-28-4170,"2302 Charles Manors Suite 376
Pamelaborough, SD 33673",Y,hours
106,Sarah Wise DDS,880-81-1754,"82038 Martin Underpass Suite 115
West Jennifer, MN 70745",Y,hours
107,Tammy Arnold,430-88-3498,"93683 Lauren Lodge Apt. 557
Chapmanview, IL 81317",N,miles
108,Monica Torres,640-39-2564,"65752 Leslie View
Leeburgh, DC 15041",N,hours
109,Brent Matthews,848-42-5615,"Unit 4701 Box 3805
DPO AP 69941",N,hours
